City, Country,Continent,Population (2024),Population (2023),Growth Rate
Yancheng Jiangsu,China,Asia,2034326,1993463,0.0205
Dhanbad,India,Asia,1414532,1389776,0.0178
Peshawar,Pakistan,Asia,2480546,2411785,0.0285
Santiago,Chile,South America,6950952,6903392,0.0069
Sorocaba,Brazil,South America,821435,813320,0.01
Abidjan,Ivory Coast,Africa,5866704,5686350,0.0317
Puning,China,Asia,1282756,1254160,0.0228
Sofia,Bulgaria,Europe,1287540,1288114,-0.0004
Istanbul,Turkey,Asia,16047350,15847768,0.0126
Lucknow,India,Asia,4038214,3945409,0.0235
Deyang,China,Asia,963160,939166,0.0255
Quito,Ecuador,South America,1986667,1956995,0.0152
Palermo,Italy,Europe,850233,849687,0.0006
Indianapolis (balance),United States,North America,874089,877355,-0.0037
Maracaibo,Venezuela,South America,2400826,2367626,0.014
Linyi Shandong,China,Asia,2120049,2076364,0.021
Novosibirsk,Russia,Asia,1701510,1694765,0.004
Shaoxing,China,Asia,2882171,2805654,0.0273
Mudanjiang,China,Asia,992414,975348,0.0175
Diyarbakir,Turkey,Asia,1113333,1096937,0.0149
Kigali,Rwanda,Africa,1287952,1247551,0.0324
Zhangjiakou,China,Asia,1568122,1536171,0.0208
Dnipro,Ukraine,Europe,936766,941586,-0.0051
Nellore,India,Asia,837660,816293,0.0262
Wenzhou,China,Asia,4009531,3919724,0.0229
Pekan Baru,Indonesia,Asia,1334532,1303355,0.0239
Xi An Shaanxi,China,Asia,9013837,8785174,0.026
Shangqiu,China,Asia,915823,895111,0.0231
Malegaon,India,Asia,781925,764628,0.0226
Maracay,Venezuela,South America,1256553,1242945,0.0109
Panjin,China,Asia,1142542,1120675,0.0195
Joinville,Brazil,South America,1361992,1348521,0.01
Algiers,Algeria,Africa,2952115,2901810,0.0173
Incheon,South Korea,Asia,2861686,2848557,0.0046
Campinas,Brazil,South America,3458441,3422796,0.0104
Columbus,United States,North America,909676,908823,0.0009
Nanyang Henan,China,Asia,1250300,1224629,0.021
Turin,Italy,Europe,1805727,1801944,0.0021
Nanchong,China,Asia,1412714,1377572,0.0255
Guntur,India,Asia,940205,918324,0.0238
Donetsk,Ukraine,Europe,882209,887716,-0.0062
Kota,India,Asia,1558468,1516795,0.0275
Kanpur,India,Asia,3286142,3234160,0.0161
Pune,India,Asia,7345848,7166374,0.025
Yangquan,China,Asia,869585,851630,0.0211
Nairobi,Kenya,Africa,5541172,5325160,0.0406
Zamboanga City,Philippines,Asia,977081,960349,0.0174
Bandung,Indonesia,Asia,2714215,2674000,0.015
Helsinki,Finland,Europe,1346810,1337786,0.0067
Chifeng,China,Asia,1279544,1252414,0.0217
Kunming,China,Asia,4861079,4761284,0.021
Xining,China,Asia,1705078,1666605,0.0231
Zunyi,China,Asia,1406091,1376453,0.0215
Aba,Nigeria,Africa,1230407,1188803,0.035
Pingdingshan Henan,China,Asia,1285750,1256581,0.0232
Hamah,Syria,Asia,1034498,995747,0.0389
Benxi,China,Asia,1237550,1216852,0.017
Abuja,Nigeria,Africa,4025735,3839646,0.0485
Vijayawada,India,Asia,2290785,2229765,0.0274
Bursa,Turkey,Asia,2115513,2086324,0.014
Shenyang,China,Asia,7830377,7680967,0.0195
Hiroshima,Japan,Asia,2062884,2067591,-0.0023
Chaozhou,China,Asia,1520628,1496298,0.0163
Asuncion,Paraguay,South America,3568830,3510511,0.0166
Xianyang Shaanxi,China,Asia,754446,743491,0.0147
Kaduna,Nigeria,Africa,1221451,1187398,0.0287
Yueyang,China,Asia,1064166,1048889,0.0146
Vancouver,Canada,North America,2682509,2657088,0.0096
Jixi Heilongjiang,China,Asia,1008989,993175,0.0159
Adelaide,Australia,Oceania,1379280,1366783,0.0091
Puducherry,India,Asia,919280,897983,0.0237
Yaounde,Cameroon,Africa,4681768,4509287,0.0383
Shiyan,China,Asia,1387377,1354025,0.0246
Brazzaville,Republic of the Congo,,2724566,2637733,0.0329
Porto,Portugal,Europe,1329301,1324652,0.0035
Nanjing,China,Asia,9947548,9698464,0.0257
Fuxin,China,Asia,889767,876131,0.0156
Salem,India,Asia,1194757,1169953,0.0212
Ibadan,Nigeria,Africa,4004316,3874908,0.0334
Bologna,Italy,Europe,816848,814332,0.0031
Agra,India,Asia,2422342,2367554,0.0231
Cebu City,Philippines,Asia,1042613,1024945,0.0172
Izmir,Turkey,Asia,3120340,3088414,0.0103
Pingxiang Jiangxi,China,Asia,1021575,999721,0.0219
Kinshasa,DR Congo,Africa,17032322,16315534,0.0439
Budapest,Hungary,Europe,1780391,1778052,0.0013
Libreville,Gabon,Africa,883920,869773,0.0163
Tokyo,Japan,Asia,37115035,37194105,-0.0021
Bujumbura,Burundi,Africa,1277050,1206767,0.0582
Grande Vitoria,Brazil,South America,2196818,2170513,0.0121
Wuxi,China,Asia,3498740,3437346,0.0179
Mosul,Iraq,Asia,1847691,1792020,0.0311
Wuzhou,China,Asia,768512,751679,0.0224
Jacksonville,United States,North America,990931,981125,0.01
Teresina,Brazil,South America,1059657,1050459,0.0088
Hengyang,China,Asia,1702012,1661854,0.0242
San Miguel De Tucuman,Argentina,South America,1039226,1026767,0.0121
Bucaramanga,Colombia,South America,1396632,1381498,0.011
Chihuahua,Mexico,North America,1135342,1116295,0.0171
Tainan,Taiwan,Asia,875392,869625,0.0066
Prague,Czech Republic,,1327947,1323339,0.0035
Copenhagen,Denmark,Europe,1391205,1381005,0.0074
Wenling,China,Asia,1159259,1131361,0.0247
Campo Grande,Brazil,South America,934936,926095,0.0095
Guangzhou,China,Asia,14590096,14284353,0.0214
San Diego,United States,North America,1375452,1378307,-0.0021
Chicago,United States,North America,2590002,2627520,-0.0143
Chengdu,China,Asia,9828110,9653772,0.0181
Indore,India,Asia,3393380,3302077,0.0277
Ruian,China,Asia,1314784,1281790,0.0257
Yibin,China,Asia,881480,864910,0.0192
Tshikapa,DR Congo,Africa,1131226,1077108,0.0502
Zhuzhou,China,Asia,1277238,1254519,0.0181
Agadir,Morocco,Africa,998146,979248,0.0193
Varanasi,India,Asia,1789047,1754425,0.0197
Morelia,Mexico,North America,1002461,988744,0.0139
Liuzhou,China,Asia,2397410,2343452,0.023
Aracaju,Brazil,South America,1070122,1056986,0.0124
Thrissur,India,Asia,3605238,3482456,0.0353
Erbil,Iraq,Asia,917639,896716,0.0233
Yongzhou,China,Asia,883326,860522,0.0265
Jiamusi,China,Asia,761903,749763,0.0162
Valencia,Spain,Europe,839770,838301,0.0018
Kermanshah,Iran,Asia,1101611,1084623,0.0157
Queretaro,Mexico,North America,1436818,1413474,0.0165
Jincheng,China,Asia,841928,818057,0.0292
Yan'an,China,Asia,791839,767188,0.0321
Krasnodar,Russia,Asia,1010552,1001155,0.0094
Liaocheng,China,Asia,830004,813369,0.0205
Liuyang,China,Asia,1428802,1373523,0.0402
Zhangjiagang,China,Asia,755752,733810,0.0299
Kochi,India,Asia,3507053,3406055,0.0297
Lille,France,Europe,1085199,1079120,0.0056
Warri,Nigeria,Africa,1031425,986921,0.0451
Santa Cruz,Bolivia,South America,1855732,1820114,0.0196
Buenos Aires,Argentina,South America,15618288,15490415,0.0083
Samarinda,Indonesia,Asia,1128176,1100324,0.0253
Kharkiv,Ukraine,Europe,1418978,1421052,-0.0015
Liverpool,United Kingdom,Europe,922871,917032,0.0064
Pointe Noire,Republic of the Congo,,1379368,1336387,0.0322
Lubango,Angola,Africa,1003016,958548,0.0464
Odesa,Ukraine,Europe,1007596,1007716,-0.0001
Naples,Italy,Europe,2180027,2179384,0.0003
Xingtai,China,Asia,904070,886381,0.02
Yangon,Myanmar,Asia,5709678,5610241,0.0177
Batam,Indonesia,Asia,1806147,1748142,0.0332
Jilin,China,Asia,1693701,1668785,0.0149
Foshan,China,Asia,7704935,7597386,0.0142
Patna,India,Asia,2633243,2579762,0.0207
Bangui,Central African Republic,,985965,958335,0.0288
Chandigarh,India,Asia,1239699,1214775,0.0205
Concepcion,Chile,South America,920916,911862,0.0099
Fuzhou Jiangxi,China,Asia,1131718,1100271,0.0286
Mexicali,Mexico,North America,1196982,1178477,0.0157
Rotterdam,Netherlands,Europe,1021919,1018012,0.0038
Kayamkulam,India,Asia,813379,786192,0.0346
Nonthaburi,Thailand,Asia,1013672,1000947,0.0127
Yongin,South Korea,Asia,1147967,1135671,0.0108
Ansan,South Korea,Asia,768822,766703,0.0028
Huaibei,China,Asia,1264856,1236271,0.0231
Panama City,Panama,North America,2015735,1976866,0.0197
Baoding,China,Asia,2149703,2107539,0.02
Luzhou,China,Asia,870714,857683,0.0152
Paris,France,Europe,11276701,11208440,0.0061
Jaipur,India,Asia,4308510,4207084,0.0241
Changzhou,China,Asia,4085502,3981658,0.0261
Meerut,India,Asia,1835403,1797805,0.0209
Durban,South Africa,Africa,3262128,3228003,0.0106
Bangalore,India,Asia,14008262,13607800,0.0294
Xinyu,China,Asia,979303,952278,0.0284
Amman,Jordan,Asia,2252688,2232240,0.0092
Tunis,Tunisia,Africa,2510673,2475446,0.0142
Casablanca,Morocco,Africa,3950408,3892837,0.0148
Nizhniy Novgorod,Russia,Asia,1250302,1251332,-0.0008
Hong Kong,Hong Kong,Asia,7725859,7684801,0.0053
Lisbon,Portugal,Europe,3014607,3000536,0.0047
Xiaogan,China,Asia,869479,849580,0.0234
Kaifeng,China,Asia,1434463,1398262,0.0259
Zigong,China,Asia,779684,768075,0.0151
Nashik,India,Asia,2294299,2237369,0.0254
Berlin,Germany,Europe,3576873,3573938,0.0008
Culiacan,Mexico,North America,903910,888620,0.0172
Bogra,Bangladesh,Asia,944877,905814,0.0431
Hyderabad,Pakistan,Asia,2011964,1967684,0.0225
Pretoria,South Africa,Africa,2889899,2818100,0.0255
Osaka,Japan,Asia,18967459,19013434,-0.0024
Bikaner,India,Asia,835802,818566,0.0211
Belo Horizonte,Brazil,South America,6300409,6247889,0.0084
Da Nang,Vietnam,Asia,1253228,1220634,0.0267
Fushun Liaoning,China,Asia,1317276,1304565,0.0097
Antipolo,Philippines,Asia,968288,946653,0.0229
Cherthala,India,Asia,901820,870465,0.036
Lima,Peru,South America,11361938,11204382,0.0141
Toluca De Lerdo,Mexico,North America,2674336,2626368,0.0183
Langfang,China,Asia,827967,807833,0.0249
Jiaozuo,China,Asia,808079,796509,0.0145
Misratah,Libya,Africa,1011119,984193,0.0274
Kano,Nigeria,Africa,4490734,4348481,0.0327
Dasmarinas,Philippines,Asia,820886,802600,0.0228
Jinhua,China,Asia,1296065,1257941,0.0303
West Yorkshire,United Kingdom,Europe,1942470,1928661,0.0072
Mogadishu,Somalia,Africa,2726815,2610483,0.0446
Valparaiso,Chile,South America,1016585,1008599,0.0079
Zhumadian,China,Asia,829361,804537,0.0309
Baishan,China,Asia,956976,927532,0.0317
Conakry,Guinea,Africa,2178596,2110937,0.0321
Dongguan,China,Asia,7675146,7587049,0.0116
Bishkek,Kyrgyzstan,Asia,1127721,1104742,0.0208
Cologne,Germany,Europe,1149014,1143715,0.0046
Port Au Prince,Haiti,North America,3060169,2987455,0.0243
Shanghai,China,Asia,29867918,29210808,0.0225
Wuhan,China,Asia,8850850,8718250,0.0152
Nakhon Ratchasima,Thailand,Asia,811446,801853,0.012
Ikorodu,Nigeria,Africa,1145224,1093308,0.0475
Gujranwala,Pakistan,Asia,2479058,2415416,0.0263
Tasikmalaya,Indonesia,Asia,1258124,1213778,0.0365
Ma'anshan,China,Asia,1140264,1112680,0.0248
Matola,Mozambique,Africa,1915035,1852405,0.0338
Rawalpindi,Pakistan,Asia,2430388,2377325,0.0223
Alexandria,Egypt,Africa,5696131,5588477,0.0193
Kazan,Russia,Asia,1296232,1291884,0.0034
Hanoi,Vietnam,Asia,5431801,5253385,0.034
Lubumbashi,DR Congo,Africa,2933962,2811959,0.0434
Liupanshui,China,Asia,1272872,1230644,0.0343
Tengzhou,China,Asia,1360779,1322916,0.0286
Visakhapatnam,India,Asia,2385110,2330928,0.0232
West Rand,South Africa,Africa,947734,934341,0.0143
Tampico,Mexico,North America,1062567,1047251,0.0146
Jieyang,China,Asia,1320779,1282479,0.0299
New Taipei,Taiwan,Asia,4534877,4504147,0.0068
Muzaffarnagar,India,Asia,814491,791214,0.0294
Ribeirao Preto,Brazil,South America,750174,742115,0.0109
Bogota,Colombia,South America,11658211,11507960,0.0131
Depok,Indonesia,Asia,3133298,3041229,0.0303
Rio De Janeiro,Brazil,South America,13824347,13727720,0.007
Makassar,Indonesia,Asia,1704930,1673094,0.019
Cagayan De Oro City,Philippines,Asia,820297,803194,0.0213
Kannur,India,Asia,2405664,2346137,0.0254
Sekondi Takoradi,Ghana,Africa,1119534,1077929,0.0386
Huambo,Angola,Africa,751297,727641,0.0325
Jiangyin,China,Asia,959250,933395,0.0277
Firozabad,India,Asia,918218,894388,0.0266
Luanda,Angola,Africa,9651032,9292336,0.0386
Yuncheng,China,Asia,777193,754711,0.0298
Managua,Nicaragua,North America,1107118,1094510,0.0115
Accra,Ghana,Africa,2721165,2660072,0.023
Maceio,Brazil,South America,1375984,1363510,0.0091
Ludhiana,India,Asia,1988438,1951085,0.0191
Damascus,Syria,Asia,2685361,2584771,0.0389
Bozhou,China,Asia,854946,830125,0.0299
Zhongshan,China,Asia,3051065,3010685,0.0134
Bhiwandi,India,Asia,924670,906581,0.02
Eskisehir,Turkey,Asia,848002,834065,0.0167
Manchester,United Kingdom,,2811756,2791005,0.0074
Belem,Brazil,South America,2432177,2409409,0.0094
Bucheon,South Korea,Asia,826919,826981,-0.0001
Xiamen,China,Asia,4007468,3935484,0.0183
Srinagar,India,Asia,1737502,1698277,0.0231
Songkhla,Thailand,Asia,1017784,1005007,0.0127
Hargeysa,Somalia,Africa,1176617,1127198,0.0438
Nagoya,Japan,Asia,9556879,9569328,-0.0013
Hermosillo,Mexico,North America,929961,915060,0.0163
Shimkent,Kazakhstan,Asia,1181020,1155073,0.0225
Ahmedabad,India,Asia,8854444,8650605,0.0236
Thessaloniki,Greece,Europe,814980,814524,0.0006
Sendai,Japan,Asia,2341433,2342302,-0.0004
Jerusalem,Israel,Asia,983097,969804,0.0137
Merca,Somalia,Africa,793545,760129,0.044
Acapulco De Juarez,Mexico,North America,1032772,1018976,0.0135
Dongying,China,Asia,1410791,1379377,0.0228
Nyala,Sudan,Africa,1101314,1056952,0.042
Madurai,India,Asia,1871912,1834279,0.0205
Jiaxing,China,Asia,1470917,1424982,0.0322
Zhuhai,China,Asia,1930373,1889829,0.0215
Mianyang Sichuan,China,Asia,1376449,1351383,0.0185
Jabalpur,India,Asia,1551004,1522121,0.019
Suzhou,China,Asia,8350625,8074031,0.0343
Barranquilla,Colombia,South America,2373302,2349400,0.0102
Nnewi,Nigeria,Africa,1300993,1239186,0.0499
Jingzhou Hubei,China,Asia,1108067,1089886,0.0167
La Plata,Argentina,South America,923715,914036,0.0106
Hefei,China,Asia,4727290,4615758,0.0242
Baku,Azerbaijan,Asia,2464162,2432304,0.0131
Montevideo,Uruguay,South America,1781363,1774396,0.0039
Tirupati,India,Asia,775455,752744,0.0302
Yingkou,China,Asia,1355564,1323174,0.0245
Freetown,Sierra Leone,Africa,1347559,1309168,0.0293
Nay Pyi Taw,Myanmar,Asia,757823,722836,0.0484
Beirut,Lebanon,Asia,2402485,2421354,-0.0078
Ufa,Russia,Asia,1146786,1144799,0.0017
Quanzhou,China,Asia,1920733,1869994,0.0271
Changchun,China,Asia,4802447,4710382,0.0195
Grande Sao Luis,Brazil,South America,1536017,1523629,0.0081
Esfahan,Iran,Asia,2294589,2258396,0.016
Aleppo,Syria,Asia,2317650,2203025,0.052
Ulsan,South Korea,Asia,914300,912734,0.0017
Curitiba,Brazil,South America,3852459,3813082,0.0103
Liling,China,Asia,970907,936997,0.0362
Cordoba,Argentina,South America,1625937,1611651,0.0089
Sharjah,United Arab Emirates,Asia,1872199,1830858,0.0226
Zurich,Switzerland,Europe,1443349,1431538,0.0083
Dehradun,India,Asia,1016402,991876,0.0247
Tangerang,Indonesia,Asia,2570980,2514077,0.0226
Montreal,Canada,North America,4341638,4307958,0.0078
Tel Aviv,Israel,Asia,4495727,4420855,0.0169
Fort Worth,United States,North America,989842,973275,0.017
Samut Prakan,Thailand,Asia,1376146,1358871,0.0127
Bobo Dioulasso,Burkina Faso,Africa,1185053,1128646,0.05
Kayseri,Turkey,Asia,1025507,1013240,0.0121
Banjarmasin,Indonesia,Asia,785125,770959,0.0184
Raipur,India,Asia,1871107,1816813,0.0299
Saint Petersburg,Russia,Asia,5581707,5561294,0.0037
Jiujiang,China,Asia,1004247,982777,0.0218
Kolkata,India,Asia,15570786,15332793,0.0155
Goyang,South Korea,Asia,1114079,1105283,0.008
Bhavnagar,India,Asia,751493,737128,0.0195
Vienna,Austria,Europe,1990487,1975271,0.0077
Ankara,Turkey,Asia,5477087,5397098,0.0148
Guigang,China,Asia,990310,967428,0.0237
Al Hudaydah,Yemen,Asia,759157,734699,0.0333
Toronto,Canada,North America,6431430,6371958,0.0093
Belgaum,India,Asia,783020,767161,0.0207
Oshogbo,Nigeria,Africa,795808,771515,0.0315
Baghdad,Iraq,Asia,7921134,7711305,0.0272
Gaoxiong,Taiwan,Asia,1559085,1552899,0.004
Umuahia,Nigeria,Africa,947460,904139,0.0479
Hufuf Mubarraz,Saudi Arabia,Asia,884753,872438,0.0141
Datong,China,Asia,1913674,1873693,0.0213
Vadodara,India,Asia,2373365,2324084,0.0212
Tongling,China,Asia,770032,752916,0.0227
Goiania,Brazil,South America,2890418,2848473,0.0147
Yinchuan,China,Asia,1757699,1716591,0.0239
Stockholm,Sweden,Europe,1719604,1700066,0.0115
Port Harcourt,Nigeria,Africa,3636547,3480101,0.045
Shizuoka,Japan,Asia,2935527,2937359,-0.0006
Huizhou,China,Asia,2827610,2758593,0.025
Shaoguan,China,Asia,794279,784230,0.0128
Daqing,China,Asia,2044371,2000656,0.0219
Saltillo,Mexico,North America,1050320,1034126,0.0157
San Jose,United States,North America,932636,951934,-0.0203
Saharanpur,India,Asia,1207856,1171689,0.0309
Zaria,Nigeria,Africa,786197,766007,0.0264
Guatemala City,Guatemala,North America,3159631,3095099,0.0208
Urumqi,China,Asia,5005964,4865038,0.029
Krasnoyarsk,Russia,Asia,1173095,1166792,0.0054
Jiddah,Saudi Arabia,Asia,4943210,4862941,0.0165
Tabriz,Iran,Asia,1678028,1660737,0.0104
Charlotte,United States,North America,920325,909022,0.0124
Shaoyang,China,Asia,776404,761169,0.02
Abomey Calavi,Benin,Africa,1314916,1252890,0.0495
Muscat,Oman,Asia,1676167,1650319,0.0157
Adana,Turkey,Asia,1856638,1835895,0.0113
Yichun Jiangxi,China,Asia,1122041,1078630,0.0402
Florianopolis,Brazil,South America,1309895,1294486,0.0119
Lianyungang,China,Asia,2035631,1986439,0.0248
Bucharest,Romania,Europe,1767520,1776385,-0.005
San Salvador,El Salvador,North America,1123376,1116052,0.0066
Zarqa,Jordan,Asia,753392,748428,0.0066
Qinhuangdao,China,Asia,1723728,1680962,0.0254
Guilin,China,Asia,1218067,1196841,0.0177
Ji Nan Shandong,China,Asia,5940698,5806031,0.0232
Huzhou,China,Asia,1091811,1067651,0.0226
Sao Paulo,Brazil,South America,22806704,22619736,0.0083
Jiangmen,China,Asia,1797469,1768511,0.0164
Sialkot,Pakistan,Asia,770962,753325,0.0234
Rajshahi,Bangladesh,Asia,983707,961991,0.0226
Khartoum,Sudan,Africa,6542070,6344348,0.0312
Philadelphia,United States,North America,1533916,1550587,-0.0107
Ashgabat,Turkmenistan,Asia,921601,902353,0.0213
Santo Domingo,Dominican Republic,,3587402,3523890,0.018
Kumasi,Ghana,Africa,3903481,3768239,0.0359
Saratov,Russia,Asia,837687,838377,-0.0008
San Pedro Sula,Honduras,North America,1008220,982021,0.0267
Suzhou,China,Asia,1349994,1310433,0.0302
Dublin,Ireland,Europe,1284551,1270172,0.0113
Qiqihaer,China,Asia,1662407,1635458,0.0165
Bamako,Mali,Africa,3050570,2929373,0.0414
Yekaterinburg,Russia,Asia,1532970,1527728,0.0034
Omsk,Russia,Asia,1180677,1180745,-0.0001
Anyang,China,Asia,1693375,1642347,0.0311
Zanzibar,Tanzania,Africa,835850,800010,0.0448
Bengbu,China,Asia,959784,944465,0.0162
Karachi,Pakistan,Asia,17648555,17236230,0.0239
Tiruppur,India,Asia,1731862,1677173,0.0326
Southampton,United Kingdom,,959202,951531,0.0081
Seongnam,South Korea,Asia,942159,941508,0.0007
Thiruvananthapuram,India,Asia,2984154,2891119,0.0322
Marrakech,Morocco,Africa,1067172,1049690,0.0167
Surat,India,Asia,8330528,8064949,0.0329
Tiruchirappalli,India,Asia,1244978,1221960,0.0188
Dengzhou,China,Asia,783041,759150,0.0315
Bazhong,China,Asia,1225591,1175989,0.0422
Kitwe,Zambia,Africa,792350,762981,0.0385
Blantyre Limbe,Malawi,Africa,1070625,1030974,0.0385
Glasgow,United Kingdom,,1708147,1698088,0.0059
Bhopal,India,Asia,2624865,2564502,0.0235
Suweon,South Korea,Asia,1378229,1365352,0.0094
Yichang,China,Asia,1758100,1711244,0.0274
Liaoyang,China,Asia,916238,900692,0.0173
Enugu,Nigeria,Africa,875552,846560,0.0342
Amravati,India,Asia,808263,792620,0.0197
Barcelona,Spain,Europe,5711917,5687356,0.0043
Sulaimaniya,Iraq,Asia,823199,800793,0.028
Kananga,DR Congo,Africa,1738716,1664442,0.0446
Leon De Los Aldamas,Mexico,North America,1924435,1898749,0.0135
Vereeniging,South Africa,Africa,802900,793927,0.0113
Panzhihua,China,Asia,750036,738495,0.0156
Benguela,Angola,Africa,843207,809468,0.0417
Moscow,Russia,Asia,12712305,12680389,0.0025
Shijiazhuang,China,Asia,4454132,4370473,0.0191
Tyumen,Russia,Asia,916862,903815,0.0144
Suining Sichuan,China,Asia,765887,750097,0.0211
Solapur,India,Asia,1088131,1070322,0.0166
Astana,Kazakhstan,Asia,1324111,1291280,0.0254
Cali,Colombia,South America,2890433,2863730,0.0093
Hangzhou,China,Asia,8419842,8237206,0.0222
Tanger,Morocco,Africa,1348848,1314178,0.0264
Weihai,China,Asia,1465926,1429315,0.0256
Xalapa,Mexico,North America,822863,811041,0.0146
Guadalajara,Mexico,North America,5499678,5419880,0.0147
Shiraz,Iran,Asia,1742750,1720954,0.0127
Meishan,China,Asia,818037,796756,0.0267
Dandong,China,Asia,932648,917936,0.016
Denpasar,Indonesia,Asia,1075244,1053041,0.0211
Daegu,South Korea,Asia,2179929,2180997,-0.0005
Samara,Russia,Asia,1154451,1155732,-0.0011
Oran,Algeria,Africa,950768,935947,0.0158
Pathum Thani,Thailand,Asia,962126,950048,0.0127
Rostov on Don,Russia,Asia,1139641,1138854,0.0007
Hanchuan,China,Asia,818761,795835,0.0288
Laiwu,China,Asia,1009727,986248,0.0238
Ottawa,Canada,North America,1451571,1437188,0.01
Nanning,China,Asia,4291463,4191890,0.0238
Lokoja,Nigeria,Africa,885882,839046,0.0558
Liuan,China,Asia,1427894,1378077,0.0361
Antalya,Turkey,Asia,1372400,1347240,0.0187
Akure,Nigeria,Africa,773141,744371,0.0387
Ningbo,China,Asia,4659830,4537901,0.0269
Nouakchott,Mauritania,Africa,1552146,1491958,0.0403
Xinxiang,China,Asia,1160840,1140599,0.0177
Quzhou,China,Asia,902621,871457,0.0358
Yiwu,China,Asia,1525749,1483320,0.0286
New York,United States,North America,7931147,8133522,-0.0249
Daejon,South Korea,Asia,1581705,1577436,0.0027
Xuchang,China,Asia,1091744,1063876,0.0262
Niigata,Japan,Asia,795916,797865,-0.0024
Changzhi,China,Asia,930620,910743,0.0218
Taizhou Jiangsu,China,Asia,1477600,1446810,0.0213
Malang,Indonesia,Asia,933392,919443,0.0152
Chittagong,Bangladesh,Asia,5513609,5379660,0.0249
Sydney,Australia,Oceana,5184896,5120894,0.0125
Valencia,Venezuela,South America,2007265,1983445,0.012
Ilorin,Nigeria,Africa,1063713,1030498,0.0322
Monrovia,Liberia,Africa,1735365,1678020,0.0342
Singapore,Singapore,Asia,6119203,6080859,0.0063
Zhengzhou,China,Asia,6014887,5859272,0.0266
San Luis Potosi,Mexico,North America,1292133,1273325,0.0148
Havana,Cuba,Africa,2152518,2148930,0.0017
Mandalay,Myanmar,Asia,1563021,1531860,0.0203
Zaozhuang,China,Asia,1150859,1133629,0.0152
Ar Rayyan,Qatar,Asia,815869,798382,0.0219
Yuxi,China,Asia,774356,750102,0.0323
Cancun,Mexico,North America,1045005,1022604,0.0219
Mombasa,Kenya,Africa,1495223,1440396,0.0381
Londrina,Brazil,South America,932892,922425,0.0113
Weifang,China,Asia,2994537,2917819,0.0263
Trujillo,Peru,South America,916632,903896,0.0141
Taiyuan Shanxi,China,Asia,4226782,4145010,0.0197
Perth,Australia,Oceania,2143491,2117997,0.012
Houston,United States,North America,2305889,2304383,0.0007
Belgrade,Serbia,Europe,1410697,1408144,0.0018
Pizhou,China,Asia,1247177,1207275,0.0331
Qingyuan,China,Asia,778628,766782,0.0154
Linfen,China,Asia,978614,951822,0.0281
Lanzhou,China,Asia,3365910,3297528,0.0207
Warsaw,Poland,Europe,1799451,1797516,0.0011
Mashhad,Iran,Asia,3415532,3367852,0.0142
Bur Sa'id,Egypt,Africa,792925,778280,0.0188
Anqiu,China,Asia,821765,791931,0.0377
Homs,Syria,Asia,1499603,1443429,0.0389
Ciudad Juarez,Mexico,North America,1604085,1582313,0.0138
Tianmen,China,Asia,978317,953768,0.0257
Kozhikode,India,Asia,4243962,4088555,0.038
Leshan,China,Asia,1116497,1087409,0.0267
Haicheng,China,Asia,834639,821192,0.0164
Baixada Santista,Brazil,South America,1965110,1947785,0.0089
Bordeaux,France,Europe,1009594,1000475,0.0091
Putian,China,Asia,2250104,2176022,0.034
Taoyuan,Taiwan,Asia,2338724,2318850,0.0086
Tegucigalpa,Honduras,North America,1609261,1568025,0.0263
Tijuana,Mexico,North America,2297216,2259787,0.0166
N Djamena,Chad,Africa,1655618,1592324,0.0397
Gwalior,India,Asia,1508846,1475016,0.0229
Haikou,China,Asia,2056646,2016092,0.0201
Mersin,Turkey,Asia,1084817,1069402,0.0144
Bangkok,Thailand,Asia,11233869,11069982,0.0148
Sapporo,Japan,Asia,2660947,2666112,-0.0019
Davao City,Philippines,Asia,1991457,1949400,0.0216
Chengde,China,Asia,1024521,993097,0.0316
Heze,China,Asia,838928,826777,0.0147
Rajkot,India,Asia,2096981,2043107,0.0264
Hamburg,Germany,Europe,1787280,1787520,-0.0001
Ahvaz,Iran,Asia,1309372,1293619,0.0122
Fuyang,China,Asia,1146343,1120694,0.0229
Ibb,Yemen,Asia,810149,771514,0.0501
Perm,Russia,Asia,1084120,1081768,0.0022
La Laguna,Mexico,North America,1826135,1780592,0.0256
Basra,Iraq,Asia,1485156,1448124,0.0256
Rosario,Argentina,South America,1613041,1594096,0.0119
Villahermosa,Mexico,North America,958118,943530,0.0155
Mangalore,India,Asia,763312,749073,0.019
Tuxtla Gutierrez,Mexico,North America,913075,897694,0.0171
Voronezh,Russia,Asia,1083724,1080808,0.0027
Antananarivo,Madagascar,Africa,4048666,3872264,0.0456
Dubai,United Arab Emirates,Asia,3051016,3007583,0.0144
Manaus,Brazil,South America,2406854,2375636,0.0131
Multan,Pakistan,Asia,2205407,2154600,0.0236
Cixi,China,Asia,1840039,1788871,0.0286
Zibo,China,Asia,2828435,2780142,0.0174
Cucuta,Colombia,South America,972485,963045,0.0098
La Paz,Bolivia,South America,1965570,1935619,0.0155
Dakar,Senegal,Africa,3540462,3429536,0.0323
Salvador,Brazil,South America,3994982,3958384,0.0092
Suqian,China,Asia,1726327,1664968,0.0369
Maoming,China,Asia,1333930,1303900,0.023
Jakarta,Indonesia,Asia,11436004,11248839,0.0166
Faisalabad,Pakistan,Asia,3800193,3710845,0.0241
Medina,Saudi Arabia,Asia,1598976,1572571,0.0168
Mwanza,Tanzania,Africa,1378014,1310754,0.0513
Brasilia,Brazil,South America,4935274,4873048,0.0128
Edmonton,Canada,North America,1567615,1544448,0.015
Karaj,Iran,Asia,1603011,1593608,0.0059
Yerevan,Armenia,Asia,1097542,1094813,0.0025
Monterrey,Mexico,North America,5195355,5116647,0.0154
Chenzhou,China,Asia,1119791,1084969,0.0321
Banghazi,Libya,Africa,870502,859209,0.0131
Yangjiang,China,Asia,976606,956079,0.0215
Amritsar,India,Asia,1480470,1451748,0.0198
Xiangyang,China,Asia,1772318,1742706,0.017
Frankfurt,Germany,Europe,800529,796437,0.0051
Moradabad,India,Asia,1335966,1301740,0.0263
Maiduguri,Nigeria,Africa,870201,844747,0.0301
Haerbin,China,Asia,6938008,6803811,0.0197
Can Tho,Vietnam,Asia,1938915,1865172,0.0395
Taiz,Yemen,Asia,974518,940600,0.0361
Fuzhou Fujian,China,Asia,3998754,3922202,0.0195
Bergamo,Italy,Europe,918675,913376,0.0058
Aguascalientes,Mexico,North America,1179301,1161448,0.0154
Goma,DR Congo,Africa,781875,744247,0.0506
Puebla,Mexico,North America,3394342,3344761,0.0148
Qom,Iran,Asia,1373800,1354174,0.0145
Shangrao,China,Asia,1130887,1106736,0.0218
Changde,China,Asia,919026,898338,0.023
Jamshedpur,India,Asia,1730521,1695060,0.0209
Taizhou Zhejiang,China,Asia,2152226,2102143,0.0238
Benin City,Nigeria,Africa,1972558,1904631,0.0357
Minsk,Belarus,Europe,2064733,2057257,0.0036
Lome,Togo,Africa,2042734,1981615,0.0308
Kampala,Uganda,Africa,4050826,3846102,0.0532
Soshanguve,South Africa,Africa,905868,892254,0.0153
Ganzhou,China,Asia,1508037,1459678,0.0331
Konya,Turkey,Asia,1429935,1407632,0.0158
Bandar Lampung,Indonesia,Asia,1186233,1162242,0.0206
Anqing,China,Asia,795987,779535,0.0211
Maputo,Mozambique,Africa,1193253,1162793,0.0262
Zhanjiang,China,Asia,1399310,1371998,0.0199
Luoyang,China,Asia,2666744,2602793,0.0246
Cuttack,India,Asia,789558,775559,0.0181
Volgograd,Russia,Asia,993352,995078,-0.0017
San Juan,Puerto Rico,North America,2436620,2439564,-0.0012
Kunshan,China,Asia,851399,826414,0.0302
Niamey,Niger,Africa,1496258,1437233,0.0411
Allahabad,India,Asia,1493346,1465152,0.0192
Guwahati,India,Asia,1199455,1176330,0.0197
Palembang,Indonesia,Asia,1852673,1818421,0.0188
Beijing,China,Asia,22189082,21766214,0.0194
Padang,Indonesia,Asia,1052849,1033645,0.0186
Sylhet,Bangladesh,Asia,999374,964291,0.0364
Handan,China,Asia,3085998,3005409,0.0268
Cape Town,South Africa,Africa,4977833,4890280,0.0179
Luohe,China,Asia,1241152,1197935,0.0361
Hohhot,China,Asia,2443686,2380636,0.0265
Bukavu,DR Congo,Africa,1308469,1248783,0.0478
Haifa,Israel,Asia,1186475,1174429,0.0103
Harare,Zimbabwe,Africa,1603201,1578128,0.0159
Uyo,Nigeria,Africa,1393453,1329284,0.0483
Lagos,Nigeria,Africa,16536018,15945912,0.037
Bareilly,India,Asia,1380715,1348664,0.0238
Seoul,South Korea,Asia,10004840,9988049,0.0017
Owerri,Nigeria,Africa,1022922,983352,0.0402
Zhenjiang Jiangsu,China,Asia,1275395,1250668,0.0198
Erduosi Ordoss,China,Asia,794143,774321,0.0256
Rome,Italy,Europe,4331974,4315671,0.0038
Toulouse,France,Europe,1070746,1060460,0.0097
Orumiyeh,Iran,Asia,848443,835900,0.015
Bekasi,Indonesia,Asia,3830678,3729351,0.0272
Mexico City,Mexico,North America,22505315,22281442,0.01
Arequipa,Peru,South America,971296,958998,0.0128
Asmara,Eritrea,Africa,1111748,1072666,0.0364
Fortaleza,Brazil,South America,4246399,4206240,0.0095
Ho Chi Minh City,Vietnam,Asia,9567656,9320866,0.0265
Barcelona Puerto La Cruz,Venezuela,South America,835805,825581,0.0124
Lahore,Pakistan,Asia,14407074,13979390,0.0306
Kabul,Afghanistan,Asia,4728384,4588666,0.0304
Chiang Mai,Thailand,Asia,1228773,1213348,0.0127
Amsterdam,Netherlands,Europe,1181817,1174025,0.0066
Taipei,Taiwan,Asia,2766334,2754196,0.0044
Kuala Lumpur,Malaysia,Asia,8815630,8621724,0.0225
Nanded Waghala,India,Asia,755577,738552,0.0231
Jining Shandong,China,Asia,1595963,1569560,0.0168
Huaihua,China,Asia,869575,843754,0.0306
Nagpur,India,Asia,3106340,3046687,0.0196
Gaomi,China,Asia,821154,797964,0.0291
Hai Phong,Vietnam,Asia,1463650,1422974,0.0286
Chelyabinsk,Russia,Asia,1243883,1240926,0.0024
Xiangtan Hunan,China,Asia,1249380,1223912,0.0208
Rabat,Morocco,Africa,1989197,1959388,0.0152
Ranchi,India,Asia,1584237,1547258,0.0239
Ipoh,Malaysia,Asia,872424,857225,0.0177
Xinyang,China,Asia,873268,855191,0.0211
Xinghua,China,Asia,882986,861978,0.0244
Tashkent,Uzbekistan,Asia,2633661,2603243,0.0117
Xuzhou,China,Asia,2332531,2287166,0.0198
Yanji,China,Asia,775672,757224,0.0244
Linhai,China,Asia,795777,776076,0.0254
Cairo,Egypt,Africa,22623874,22183201,0.0199
Melbourne,Australia,Oceana,5315600,5235407,0.0153
Yueqing,China,Asia,1201400,1169864,0.027
Hamilton,Canada,North America,786843,781047,0.0074
San Antonio,United States,North America,1506593,1489751,0.0113
Qujing,China,Asia,1066897,1038964,0.0269
Dongtai,China,Asia,756344,738200,0.0246
Lilongwe,Malawi,Africa,1333096,1276316,0.0445
Fes,Morocco,Africa,1313311,1290039,0.018
Porto Alegre,Brazil,South America,4239867,4211933,0.0066
Veracruz,Mexico,North America,968070,955226,0.0134
Leiyang,China,Asia,1013191,978327,0.0356
Jalandhar,India,Asia,1142682,1118826,0.0213
Natal,Brazil,South America,1556413,1535316,0.0137
Chongqing,China,Asia,17773923,17340704,0.025
Delhi,India,Asia,33807403,32941309,0.0263
Los Angeles,United States,North America,3748640,3785439,-0.0097
Xintai,China,Asia,1049486,1023756,0.0251
Malanje,Angola,Africa,822471,783243,0.0501
Bunia,DR Congo,Africa,856339,812090,0.0545
Bogor,Indonesia,Asia,1256155,1231445,0.0201
Abu Dhabi,United Arab Emirates,Asia,1593284,1566999,0.0168
Zhaoqing,China,Asia,1127601,1103202,0.0221
Anshan,China,Asia,1713452,1689499,0.0142
Chennai,India,Asia,12053697,11776147,0.0236
Mysore,India,Asia,1316461,1288245,0.0219
Sheffield,United Kingdom,Europe,751303,745876,0.0073
Recife,Brazil,South America,4305127,4263940,0.0097
Milan,Italy,Europe,3160631,3154570,0.0019
Krakow,Poland,Europe,769396,769417,0.0
Busan,South Korea,Asia,3477419,3471949,0.0016
Hengshui,China,Asia,983694,955663,0.0293
Ouagadougou,Burkina Faso,,3358934,3203923,0.0484
Port Elizabeth,South Africa,Africa,1312631,1295928,0.0129
Khulna,Bangladesh,Asia,965483,955104,0.0109
Gwangju,South Korea,Asia,1532902,1529472,0.0022
Athens,Greece,Europe,3154591,3154463,0.0
Nottingham,United Kingdom,,813078,806757,0.0078
Nanchang,China,Asia,4016037,3920379,0.0244
Kiev,Ukraine,Europe,3020228,3016789,0.0011
Warangal,India,Asia,1055604,1031090,0.0238
Oslo,Norway,Europe,1100868,1085992,0.0137
Merida,Mexico,North America,1239654,1220603,0.0156
Barquisimeto,Venezuela,South America,1267872,1254192,0.0109
Danyang,China,Asia,810450,789755,0.0262
Gebze,Turkey,Asia,831360,813394,0.0221
Cuernavaca,Mexico,North America,1140169,1123843,0.0145
Mecca,Saudi Arabia,Asia,2184560,2149928,0.0161
Hubli Dharwad,India,Asia,1205428,1181194,0.0205
Huainan,China,Asia,1538603,1512668,0.0171
Cabinda,Angola,Africa,947634,904676,0.0475
Manila,Philippines,Asia,14941953,14667089,0.0187
Almaty,Kazakhstan,Asia,2015209,1987301,0.014
Reynosa,Mexico,North America,967627,951417,0.017
Brussels,Belgium,Europe,2132178,2121992,0.0048
Bhubaneswar,India,Asia,1289254,1257642,0.0251
Changwon,South Korea,Asia,1055373,1054442,0.0009
Dallas,United States,North America,1295447,1297495,-0.0016
Calgary,Canada,North America,1665023,1639613,0.0155
Phnom Penh,Cambodia,Asia,2352680,2281198,0.0313
Tongliao,China,Asia,772756,756158,0.022
Dushanbe,Tajikistan,Asia,1012794,986899,0.0262
Seattle,United States,North America,757992,753624,0.0058
Winnipeg,Canada,North America,849251,841108,0.0097
Quebec City,Canada,North America,851061,844249,0.0081
Sao Jose Dos Campos,Brazil,South America,757137,749188,0.0106
Tamale,Ghana,Africa,757506,729768,0.038
Onitsha,Nigeria,Africa,1694913,1623382,0.0441
Yangzhou,China,Asia,2175102,2131291,0.0206
Malappuram,India,Asia,4184921,4009087,0.0439
Newcastle Upon Tyne,United Kingdom,,828712,823431,0.0064
Shantou,China,Asia,4656525,4573713,0.0181
Mendoza,Argentina,South America,1242319,1226427,0.013
Coimbatore,India,Asia,3083721,3009047,0.0248
Kollam,India,Asia,2181940,2106606,0.0358
Ekurhuleni,South Africa,Africa,4190832,4118327,0.0176
London,United Kingdom,Asia,9748033,9648110,0.0104
Mumbai,India,Asia,21673149,21296517,0.0177
Fukuoka,Japan,Asia,5478076,5490271,-0.0022
Siliguri,India,Asia,1159371,1126249,0.0294
Huangshi,China,Asia,893107,876930,0.0184
Douala,Cameroon,Africa,4203108,4063200,0.0344
Johor Bahru,Malaysia,Asia,1107001,1086214,0.0191
Cochabamba,Bolivia,South America,1430688,1400250,0.0217
San Jose,Costa Rica,North America,1482460,1461989,0.014
Kuwait City,Kuwait,Asia,3353602,3297759,0.0169
Baotou,China,Asia,2381242,2334878,0.0199
Kuerle,China,Asia,906765,875496,0.0357
Binzhou,China,Asia,1233584,1200222,0.0278
Guiyang,China,Asia,3661446,3580904,0.0225
Riyadh,Saudi Arabia,Asia,7820551,7682430,0.018
Ciudad Guayana,Venezuela,South America,978202,964266,0.0145
Huludao,China,Asia,836344,821132,0.0185
Tianjin,China,Asia,14470873,14238643,0.0163
Cartagena,Colombia,South America,1096463,1087599,0.0082
Changsha,China,Asia,5027975,4921487,0.0216
Kisangani,DR Congo,Africa,1483513,1423395,0.0422
Joao Pessoa,Brazil,South America,1435125,1421827,0.0094
Addis Ababa,Ethiopia,Africa,5703628,5460591,0.0445
Tripoli,Libya,Africa,1192436,1183292,0.0077
Tianshui,China,Asia,858672,837479,0.0253
Brisbane,Australia,Oceania,2536449,2504505,0.0128
Huaian,China,Asia,3071048,2979893,0.0306
Semarang,Indonesia,Asia,2013571,1975306,0.0194
Taixing,China,Asia,830623,811451,0.0236
Bacoor,Philippines,Asia,757035,739682,0.0235
Marseille,France,Europe,1635707,1627549,0.005
Zhangzhou,China,Asia,980054,955519,0.0257
Medan,Indonesia,Asia,2479070,2439054,0.0164
Yantai,China,Asia,2834508,2764584,0.0253
Antwerp,Belgium,Europe,1061089,1057215,0.0037
Wuhu Anhui,China,Asia,2195262,2124797,0.0332
Jinzhou,China,Asia,1238377,1215376,0.0189
Xiongan,China,Asia,1240158,1183042,0.0483
Tehran,Iran,Asia,9616007,9499781,0.0122
Kathmandu,Nepal,Asia,1621642,1571010,0.0322
Zhucheng,China,Asia,1019600,991208,0.0286
Baoji,China,Asia,1290231,1261077,0.0231
Amara,Iraq,Asia,753708,729276,0.0335
Hyderabad,India,Asia,11068877,10801163,0.0248
Phoenix,United States,North America,1676481,1660445,0.0097
Guayaquil,Ecuador,South America,3193267,3142466,0.0162
Dazhou,China,Asia,767532,748257,0.0258
Birmingham,United Kingdom,Europe,2684807,2665100,0.0074
Islamabad,Pakistan,Asia,1266792,1232447,0.0279
Ulaanbaatar,Mongolia,Asia,1699363,1672627,0.016
Madrid,Spain,Europe,6783241,6751374,0.0047
Nice,France,Europe,951808,948149,0.0039
Lyon,France,Europe,1774395,1761188,0.0075
Quetta,Pakistan,Asia,1221495,1190348,0.0262
Bahawalpur,Pakistan,Asia,944812,919654,0.0274
Austin,United States,North America,983126,978786,0.0044
Munich,Germany,Europe,1584507,1576416,0.0051
Dalian,China,Asia,6217487,6077995,0.023
Taian Shandong,China,Asia,1441911,1416064,0.0183
Changshu,China,Asia,1093687,1059902,0.0319
Asansol,India,Asia,1534081,1505033,0.0193
Kirkuk,Iraq,Asia,1100390,1074884,0.0237
Auckland,New Zealand,Oceania,1692770,1673220,0.0117
Mbuji Mayi,DR Congo,Africa,3022855,2891746,0.0453
Nantong,China,Asia,2555722,2492230,0.0255
Gorakhpur,India,Asia,801634,788276,0.0169
Zhuji,China,Asia,852608,834782,0.0214
Caracas,Venezuela,South America,2991727,2972145,0.0066
Rizhao,China,Asia,1426583,1391258,0.0254
Dhaka,Bangladesh,Asia,23935652,23209616,0.0313
Aurangabad,India,Asia,1725283,1683389,0.0249
Jodhpur,India,Asia,1625325,1586547,0.0244
Maturin,Venezuela,South America,775097,758185,0.0223
Sanaa,Yemen,Asia,3407814,3292497,0.035
Tangshan Hebei,China,Asia,3925206,3814702,0.029
Kottayam,India,Asia,853635,818628,0.0428
Jos,Nigeria,Africa,1001155,970129,0.032
Durg Bhilainagar,India,Asia,1289673,1266034,0.0187
Bien Hoa,Vietnam,Asia,1142997,1110824,0.029
Johannesburg,South Africa,Africa,6324351,6198016,0.0204
Pyongyang,North Korea,Asia,3183135,3157538,0.0081
Dar Es Salaam,Tanzania,Africa,8161231,7775865,0.0496
Taizhong,Taiwan,Asia,1381855,1369066,0.0093
Shenzhen,China,Asia,13311855,13072633,0.0183
Nampula,Mozambique,Africa,1012582,969322,0.0446
Surabaya,Indonesia,Asia,3088748,3044413,0.0146
Lusaka,Zambia,Africa,3324219,3181250,0.0449
Ad Dammam,Saudi Arabia,Asia,1352912,1329291,0.0178
Guiping,China,Asia,1055921,1020399,0.0348
Najaf,Iraq,Asia,987814,958487,0.0306
Chon Buri,Thailand,Asia,1472709,1454222,0.0127
Gaziantep,Turkey,Asia,1833006,1804704,0.0157
Qingdao,China,Asia,6104597,5986525,0.0197
Sargodha,Pakistan,Asia,757915,741818,0.0217
Tbilisi,Georgia,Asia,1084471,1082245,0.0021
Aden,Yemen,Asia,1116193,1079670,0.0338
Dezhou,China,Asia,1108356,1080680,0.0256
Gaza,Palestine,Asia,800636,778187,0.0288
Aligarh,India,Asia,1346018,1312369,0.0256
Medellin,Colombia,South America,4137386,4102308,0.0086
